{"f1_score": 0.9419607383873965, "precision": 0.9556546842177226, "recall": 0.9428347689898199, "accuracy": 0.9428347689898199}